"First name",Email,Phone,"Apply date","Current stage"
mickel,mil@jk.co,,"2016-05-19 09:03:59",
jack,jack@ri.co,,"2016-05-18 10:08:53",
crish,cri@ban.co,,"2016-05-18 10:09:17",
crish,cri@jar.co,,"2016-05-19 09:15:43",
ronin,mm@m.co,,"2016-05-18 10:11:48",
ronin,t@1t.co,,"2016-05-18 11:58:51",
mahin,mm@m.co,,"2016-05-18 11:59:39",
abdul,abdul@ab.co,,"2016-05-18 12:00:34",
yamazaki,yama@su.co,,"2016-05-18 12:26:45",
leonen,leo@lee.co,,"2016-05-18 12:57:23",
arnold,arnold@scw.co,,"2016-05-19 09:09:05",
moris,mori@d.co,,"2016-05-19 12:07:18",
ryu,ra@dan.co,,"2016-05-19 12:07:21",
jon,jon@ram.co,,"2016-05-19 12:07:25",
dev,dev@to.co,,"2016-05-19 12:07:03",
robin,ro@ho.co,,"2016-05-22 07:06:29",
tam,tam@tm.co,,"2016-05-19 12:19:48",
robert,rob@jon.co,,"2016-05-24 13:22:36",
jonson,jon@k.co,,"2016-05-25 10:15:15",
"David J",d@j.co,,"2016-05-26 11:17:23",
"Frank A",f@b.co,,"2016-05-31 10:41:01",
"William E",wi@hu.co,,"2016-05-29 13:16:52",
"John M",mm@m.co,,"2016-05-30 08:44:21",
"John M",mm1@m.co,,"2016-05-30 08:56:29",
"John Mac",mm2@m.co,,"2016-05-30 09:06:33",
jet,jet@lee.co,,"2016-06-02 13:57:04",Screening
wiliam,wp@rp.cp,,"2016-06-25 12:03:58","Phone Interview"
wiliam,wo@oo.co,,"2016-06-25 11:08:38",Screening
wiliam,e@e.co,,"2016-06-22 15:44:11",Screening
haris,d@d.co,,"2016-06-22 15:45:05",Screening
sk,sk@sk.co,,"2016-06-23 16:09:17",Screening
joe,joe@gm.co,,"2016-06-25 12:46:29","Face to Face Interview"
